ts_ns,step,decision_id,rank,symbol,score,score_tilt,hawkes_buy,hawkes_sell,hit_count,ou_mu,ou_initialized,mid,best_limit,active,chosen,gate
# session_start ts=2026-05-21T00:44:49.066Z ts_ns=1779324289066542438 kind=decision mode=databento_backtest label=cpp_backtest_10day_xwire_fix universe_size=50
1779324292810032191,0,0,0,AWK,15,1,15,10,0,136.48,1,136.48,136.9,1,1,
1779324292810032191,0,0,1,CSCO,15,1,15,10,0,82.07,1,82.07,82.12,1,0,
1779324292810032191,0,0,2,HPE,15,1,15,10,0,24.4,1,24.4,24.5,1,0,
1779324292810032191,0,0,3,IBM,15,1,15,10,0,233.025,1,233.025,233.53,0,0,
1779324292810032191,0,0,4,KEYS,15,1,15,10,0,323.01,1,323.01,323.97,0,0,
1779324292810032191,0,0,5,GFS,15,1,15,10,0,48.555,1,48.555,48.73,0,0,
1779324292810032191,0,0,6,UMC,15,1,15,10,0,9.4711,1,9.4711,9.486,0,0,
1779324292810032191,0,0,7,TSEM,15,1,15,10,0,202.21,1,202.21,202.7,0,0,
1779324292810032191,0,0,8,IMOS,15,1,15,10,0,40,1,40,40.42,0,0,
1779324292810032191,0,0,9,LEA,15,1,15,10,0,122.535,1,122.535,124.29,0,0,
1779324292810032191,0,0,10,TSM,15,1,15,10,0,370.075,1,370.075,370.26,0,0,
1779324292810032191,0,0,11,CEG,15,1,15,10,0,284.335,1,284.335,285.21,0,0,
1779324292810032191,0,0,12,NIO,15,1,15,10,0,6.57,1,6.57,6.58,0,0,
1779324292810032191,0,0,13,OKLO,15,1,15,10,0,48.775,1,48.775,48.89,0,0,
1779324292810032191,0,0,14,SNDK,15,1,15,10,0,876.295,1,876.295,877.64,0,0,
1779324292810032191,0,0,15,HWM,15,1,15,10,0,252.515,1,252.515,253.48,0,0,
1779324292810032191,0,0,16,NOC,15,1,15,10,0,678.84,1,678.84,679.99,0,0,
1779324292810032191,0,0,17,GSM,15,1,15,10,0,4.21785,1,4.21785,4.239,0,0,
1779324292810032191,0,0,18,TTE,15,1,15,10,0,93.065,1,93.065,93.09,0,0,
1779324292810032191,0,0,19,NOK,15,1,15,10,0,9.765,1,9.765,9.77,0,0,
1779324292810032191,0,0,20,HPQ,15,1,15,10,0,18.275,1,18.275,18.29,0,0,
1779324292810032191,0,0,21,NVDA,15,1,15,10,0,185.975,1,185.975,186,0,0,
1779324292810032191,0,0,22,INTC,15,1,15,10,0,62.925,1,62.925,62.96,0,0,
1779324292810032191,0,0,23,MU,15,1,15,10,0,417.63,1,417.63,417.91,0,0,
1779324292810032191,0,0,24,QCOM,15,1,15,10,0,127.7,1,127.7,127.87,0,0,
1779324292810032191,0,0,25,ARM,15,1,15,10,0,148.19,1,148.19,148.45,0,0,
1779324292810032191,0,0,26,KLAC,15,1,15,10,0,1740.13,1,1740.13,1745.28,0,0,
1779324292810032191,0,0,27,SNPS,15,1,15,10,0,391.32,1,391.32,391.9,0,0,
1779324292810032191,0,0,28,CDNS,15,1,15,10,0,266.44,1,266.44,267.16,0,0,
1779324292810032191,0,0,29,SMCI,15,1,15,10,0,25.02,1,25.02,25.04,0,0,
1779324292810032191,0,0,30,MKSI,15,1,15,10,0,267.82,1,267.82,272.07,0,0,
1779324292810032191,0,0,31,ENTG,15,1,15,10,0,134.115,1,134.115,135,0,0,
1779324292810032191,0,0,32,PSTG,15,1,15,10,0,100,0,100.85,100.85,0,0,
1779324292810032191,0,0,33,WDC,15,1,15,10,0,344.28,1,344.28,345.14,0,0,
1779324292810032191,0,0,34,AAPL,10,1,10,10,0,259.925,1,259.925,260.02,0,0,
1779324292810032191,0,0,35,AMD,10,1,10,10,0,245.83,1,245.83,245.97,0,0,
1779324292810032191,0,0,36,APD,10,1,10,10,0,299.705,1,299.705,300.21,0,0,
1779324292810032191,0,0,37,LIN,10,1,10,10,0,504.245,1,504.245,504.76,0,0,
1779324292810032191,0,0,38,DD,10,1,10,10,0,47.01,1,47.01,47.44,0,0,
1779324292810032191,0,0,39,DELL,10,1,10,10,0,179,1,179,180,0,0,
1779324292810032191,0,0,40,RTX,10,1,10,10,0,201.91,1,201.91,202.34,0,0,
1779324292810032191,0,0,41,LMT,10,1,10,10,0,615.985,1,615.985,616.9,0,0,
1779324292810032191,0,0,42,ASX,10,1,10,10,0,26.06,1,26.06,26.08,0,0,
1779324292810032191,0,0,43,ASML,10,1,10,10,0,1468.55,1,1468.55,1468.98,0,0,
1779324292810032191,0,0,44,XPEV,10,1,10,10,0,17.32,1,17.32,17.34,0,0,
1779324292810032191,0,0,45,AMAT,10,1,10,10,0,398.91,1,398.91,399.7,0,0,
1779324292810032191,0,0,46,VST,10,1,10,10,0,153.575,1,153.575,154,0,0,
1779324292810032191,0,0,47,LRCX,10,1,10,10,0,263.745,1,263.745,264.01,0,0,
1779324292810032191,0,0,48,STX,10,1,10,10,0,499.73,1,499.73,501.14,0,0,
1779324292810032191,0,0,49,AMKR,10,1,10,10,0,57.665,1,57.665,57.82,0,0,
1779324292810109448,0,1,0,AWK,15,1,15,10,0,136.48,1,136.48,136.9,1,0,
1779324292810109448,0,1,1,CSCO,15,1,15,10,0,82.07,1,82.07,82.12,1,1,
1779324292810109448,0,1,2,HPE,15,1,15,10,0,24.4,1,24.4,24.5,1,0,
1779324292810109448,0,1,3,IBM,15,1,15,10,0,233.025,1,233.025,233.53,0,0,
1779324292810109448,0,1,4,KEYS,15,1,15,10,0,323.01,1,323.01,323.97,0,0,
1779324292810109448,0,1,5,GFS,15,1,15,10,0,48.555,1,48.555,48.73,0,0,
1779324292810109448,0,1,6,UMC,15,1,15,10,0,9.4711,1,9.4711,9.486,0,0,
1779324292810109448,0,1,7,TSEM,15,1,15,10,0,202.21,1,202.21,202.7,0,0,
1779324292810109448,0,1,8,IMOS,15,1,15,10,0,40,1,40,40.42,0,0,
1779324292810109448,0,1,9,LEA,15,1,15,10,0,122.535,1,122.535,124.29,0,0,
1779324292810109448,0,1,10,TSM,15,1,15,10,0,370.075,1,370.075,370.26,0,0,
1779324292810109448,0,1,11,CEG,15,1,15,10,0,284.335,1,284.335,285.21,0,0,
1779324292810109448,0,1,12,NIO,15,1,15,10,0,6.57,1,6.57,6.58,0,0,
1779324292810109448,0,1,13,OKLO,15,1,15,10,0,48.775,1,48.775,48.89,0,0,
1779324292810109448,0,1,14,SNDK,15,1,15,10,0,876.295,1,876.295,877.64,0,0,
1779324292810109448,0,1,15,HWM,15,1,15,10,0,252.515,1,252.515,253.48,0,0,
1779324292810109448,0,1,16,NOC,15,1,15,10,0,678.84,1,678.84,679.99,0,0,
1779324292810109448,0,1,17,GSM,15,1,15,10,0,4.21785,1,4.21785,4.239,0,0,
1779324292810109448,0,1,18,TTE,15,1,15,10,0,93.065,1,93.065,93.09,0,0,
1779324292810109448,0,1,19,NOK,15,1,15,10,0,9.765,1,9.765,9.77,0,0,
1779324292810109448,0,1,20,HPQ,15,1,15,10,0,18.275,1,18.275,18.29,0,0,
1779324292810109448,0,1,21,NVDA,15,1,15,10,0,185.975,1,185.975,186,0,0,
1779324292810109448,0,1,22,INTC,15,1,15,10,0,62.925,1,62.925,62.96,0,0,
1779324292810109448,0,1,23,MU,15,1,15,10,0,417.63,1,417.63,417.91,0,0,
1779324292810109448,0,1,24,QCOM,15,1,15,10,0,127.7,1,127.7,127.87,0,0,
1779324292810109448,0,1,25,ARM,15,1,15,10,0,148.19,1,148.19,148.45,0,0,
1779324292810109448,0,1,26,KLAC,15,1,15,10,0,1740.13,1,1740.13,1745.28,0,0,
1779324292810109448,0,1,27,SNPS,15,1,15,10,0,391.32,1,391.32,391.9,0,0,
1779324292810109448,0,1,28,CDNS,15,1,15,10,0,266.44,1,266.44,267.16,0,0,
1779324292810109448,0,1,29,SMCI,15,1,15,10,0,25.02,1,25.02,25.04,0,0,
1779324292810109448,0,1,30,MKSI,15,1,15,10,0,267.82,1,267.82,272.07,0,0,
1779324292810109448,0,1,31,ENTG,15,1,15,10,0,134.115,1,134.115,135,0,0,
1779324292810109448,0,1,32,PSTG,15,1,15,10,0,100,0,100.85,100.85,0,0,
1779324292810109448,0,1,33,WDC,15,1,15,10,0,344.28,1,344.28,345.14,0,0,
1779324292810109448,0,1,34,AAPL,10,1,10,10,0,259.925,1,259.925,260.02,0,0,
1779324292810109448,0,1,35,AMD,10,1,10,10,0,245.83,1,245.83,245.97,0,0,
1779324292810109448,0,1,36,APD,10,1,10,10,0,299.705,1,299.705,300.21,0,0,
1779324292810109448,0,1,37,LIN,10,1,10,10,0,504.245,1,504.245,504.76,0,0,
1779324292810109448,0,1,38,DD,10,1,10,10,0,47.01,1,47.01,47.44,0,0,
1779324292810109448,0,1,39,DELL,10,1,10,10,0,179,1,179,180,0,0,
1779324292810109448,0,1,40,RTX,10,1,10,10,0,201.91,1,201.91,202.34,0,0,
1779324292810109448,0,1,41,LMT,10,1,10,10,0,615.985,1,615.985,616.9,0,0,
1779324292810109448,0,1,42,ASX,10,1,10,10,0,26.06,1,26.06,26.08,0,0,
1779324292810109448,0,1,43,ASML,10,1,10,10,0,1468.55,1,1468.55,1468.98,0,0,
1779324292810109448,0,1,44,XPEV,10,1,10,10,0,17.32,1,17.32,17.34,0,0,
1779324292810109448,0,1,45,AMAT,10,1,10,10,0,398.91,1,398.91,399.7,0,0,
1779324292810109448,0,1,46,VST,10,1,10,10,0,153.575,1,153.575,154,0,0,
1779324292810109448,0,1,47,LRCX,10,1,10,10,0,263.745,1,263.745,264.01,0,0,
1779324292810109448,0,1,48,STX,10,1,10,10,0,499.73,1,499.73,501.14,0,0,
1779324292810109448,0,1,49,AMKR,10,1,10,10,0,57.665,1,57.665,57.82,0,0,
1779324292810190360,0,2,0,AWK,15,1,15,10,0,136.48,1,136.48,136.9,1,0,
1779324292810190360,0,2,1,CSCO,15,1,15,10,0,82.07,1,82.07,82.12,1,0,
1779324292810190360,0,2,2,HPE,15,1,15,10,0,24.4,1,24.4,24.5,1,1,
1779324292810190360,0,2,3,IBM,15,1,15,10,0,233.025,1,233.025,233.53,0,0,
1779324292810190360,0,2,4,KEYS,15,1,15,10,0,323.01,1,323.01,323.97,0,0,
1779324292810190360,0,2,5,GFS,15,1,15,10,0,48.555,1,48.555,48.73,0,0,
1779324292810190360,0,2,6,UMC,15,1,15,10,0,9.4711,1,9.4711,9.486,0,0,
1779324292810190360,0,2,7,TSEM,15,1,15,10,0,202.21,1,202.21,202.7,0,0,
1779324292810190360,0,2,8,IMOS,15,1,15,10,0,40,1,40,40.42,0,0,
1779324292810190360,0,2,9,LEA,15,1,15,10,0,122.535,1,122.535,124.29,0,0,
1779324292810190360,0,2,10,TSM,15,1,15,10,0,370.075,1,370.075,370.26,0,0,
1779324292810190360,0,2,11,CEG,15,1,15,10,0,284.335,1,284.335,285.21,0,0,
1779324292810190360,0,2,12,NIO,15,1,15,10,0,6.57,1,6.57,6.58,0,0,
1779324292810190360,0,2,13,OKLO,15,1,15,10,0,48.775,1,48.775,48.89,0,0,
1779324292810190360,0,2,14,SNDK,15,1,15,10,0,876.295,1,876.295,877.64,0,0,
1779324292810190360,0,2,15,HWM,15,1,15,10,0,252.515,1,252.515,253.48,0,0,
1779324292810190360,0,2,16,NOC,15,1,15,10,0,678.84,1,678.84,679.99,0,0,
1779324292810190360,0,2,17,GSM,15,1,15,10,0,4.21785,1,4.21785,4.239,0,0,
1779324292810190360,0,2,18,TTE,15,1,15,10,0,93.065,1,93.065,93.09,0,0,
1779324292810190360,0,2,19,NOK,15,1,15,10,0,9.765,1,9.765,9.77,0,0,
1779324292810190360,0,2,20,HPQ,15,1,15,10,0,18.275,1,18.275,18.29,0,0,
1779324292810190360,0,2,21,NVDA,15,1,15,10,0,185.975,1,185.975,186,0,0,
1779324292810190360,0,2,22,INTC,15,1,15,10,0,62.925,1,62.925,62.96,0,0,
1779324292810190360,0,2,23,MU,15,1,15,10,0,417.63,1,417.63,417.91,0,0,
1779324292810190360,0,2,24,QCOM,15,1,15,10,0,127.7,1,127.7,127.87,0,0,
1779324292810190360,0,2,25,ARM,15,1,15,10,0,148.19,1,148.19,148.45,0,0,
1779324292810190360,0,2,26,KLAC,15,1,15,10,0,1740.13,1,1740.13,1745.28,0,0,
1779324292810190360,0,2,27,SNPS,15,1,15,10,0,391.32,1,391.32,391.9,0,0,
1779324292810190360,0,2,28,CDNS,15,1,15,10,0,266.44,1,266.44,267.16,0,0,
1779324292810190360,0,2,29,SMCI,15,1,15,10,0,25.02,1,25.02,25.04,0,0,
1779324292810190360,0,2,30,MKSI,15,1,15,10,0,267.82,1,267.82,272.07,0,0,
1779324292810190360,0,2,31,ENTG,15,1,15,10,0,134.115,1,134.115,135,0,0,
1779324292810190360,0,2,32,PSTG,15,1,15,10,0,100,0,100.85,100.85,0,0,
1779324292810190360,0,2,33,WDC,15,1,15,10,0,344.28,1,344.28,345.14,0,0,
1779324292810190360,0,2,34,AAPL,10,1,10,10,0,259.925,1,259.925,260.02,0,0,
1779324292810190360,0,2,35,AMD,10,1,10,10,0,245.83,1,245.83,245.97,0,0,
1779324292810190360,0,2,36,APD,10,1,10,10,0,299.705,1,299.705,300.21,0,0,
1779324292810190360,0,2,37,LIN,10,1,10,10,0,504.245,1,504.245,504.76,0,0,
1779324292810190360,0,2,38,DD,10,1,10,10,0,47.01,1,47.01,47.44,0,0,
1779324292810190360,0,2,39,DELL,10,1,10,10,0,179,1,179,180,0,0,
1779324292810190360,0,2,40,RTX,10,1,10,10,0,201.91,1,201.91,202.34,0,0,
1779324292810190360,0,2,41,LMT,10,1,10,10,0,615.985,1,615.985,616.9,0,0,
1779324292810190360,0,2,42,ASX,10,1,10,10,0,26.06,1,26.06,26.08,0,0,
1779324292810190360,0,2,43,ASML,10,1,10,10,0,1468.55,1,1468.55,1468.98,0,0,
1779324292810190360,0,2,44,XPEV,10,1,10,10,0,17.32,1,17.32,17.34,0,0,
1779324292810190360,0,2,45,AMAT,10,1,10,10,0,398.91,1,398.91,399.7,0,0,
1779324292810190360,0,2,46,VST,10,1,10,10,0,153.575,1,153.575,154,0,0,
1779324292810190360,0,2,47,LRCX,10,1,10,10,0,263.745,1,263.745,264.01,0,0,
1779324292810190360,0,2,48,STX,10,1,10,10,0,499.73,1,499.73,501.14,0,0,
1779324292810190360,0,2,49,AMKR,10,1,10,10,0,57.665,1,57.665,57.82,0,0,
1779329050876945739,121,3,0,WDC,193.22,1,193.22,10,1,346.086,1,345.95,346.11,1,1,
1779329050876945739,121,3,1,AMKR,191.341,1,191.341,10,0,57.9548,1,59.415,59.43,1,0,
1779329050876945739,121,3,2,DELL,191.34,1,191.34,10,1,180.323,1,189.29,189.57,1,0,
1779329050876945739,121,3,3,SNDK,190.814,1,190.814,10,1,879.554,1,905.07,905.4,0,0,
1779329050876945739,121,3,4,INTC,190.811,1,190.811,10,0,63.3534,1,64.145,64.15,0,0,
1779329050876945739,121,3,5,OKLO,189.592,1,189.592,10,0,48.6952,1,51.22,51.27,0,0,
1779329050876945739,121,3,6,MU,188.636,1,188.636,10,1,417.693,1,416.94,417.02,0,0,
1779329050876945739,121,3,7,STX,188.604,1,188.604,10,1,498.785,1,504.005,504.35,0,0,
1779329050876945739,121,3,8,SMCI,188.432,1,188.432,10,0,24.9318,1,25.395,25.4,0,0,
1779329050876945739,121,3,9,HPE,188.254,1,188.254,10,0,24.1816,1,24.975,24.98,0,0,
1779329050876945739,121,3,10,ASX,188.213,1,188.213,10,0,26.0936,1,26.185,26.19,0,0,
1779329050876945739,121,3,11,VST,188.177,1,188.177,10,1,154.029,1,158.045,158.17,0,0,
1779329050876945739,121,3,12,ARM,187.817,1,187.817,10,1,148.799,1,152.18,152.28,0,0,
1779329050876945739,121,3,13,AMD,187.732,1,187.732,10,1,245.704,1,244.38,244.42,0,0,
1779329050876945739,121,3,14,AMAT,186.887,1,186.887,10,1,398.288,1,392.44,392.6,0,0,
1779329050876945739,121,3,15,SNPS,186.636,1,186.636,10,1,390.178,1,411.965,412.16,0,0,
1779329050876945739,121,3,16,CDNS,186.512,1,186.512,10,1,266.667,1,280.56,280.74,0,0,
1779329050876945739,121,3,17,TSEM,185.919,1,185.919,10,1,201.983,1,205.55,205.84,0,0,
1779329050876945739,121,3,18,LRCX,184.887,1,184.887,10,1,263.787,1,262.77,262.9,0,0,
1779329050876945739,121,3,19,GFS,184.819,1,184.819,10,0,48.492,1,48.86,48.89,0,0,
1779329050876945739,121,3,20,NOK,184.56,1,184.56,10,0,9.7398,1,10.155,10.16,0,0,
1779329050876945739,121,3,21,ASML,183.59,1,183.59,10,1,1470.51,1,1477.22,1477.96,0,0,
1779329050876945739,121,3,22,HPQ,183.427,1,183.427,10,0,18.2372,1,19.115,19.12,0,0,
1779329050876945739,121,3,23,DD,181.825,1,181.825,10,0,47.1486,1,46.6,46.61,0,0,
1779329050876945739,121,3,24,LMT,181.641,1,181.641,10,1,615.83,1,616.565,617.04,0,0,
1779329050876945739,121,3,25,XPEV,181.54,1,181.54,10,0,17.3032,1,17.275,17.28,0,0,
1779329050876945739,121,3,26,KLAC,180.737,1,180.737,10,1,1738.77,1,1732.04,1734.46,0,0,
1779329050876945739,121,3,27,IBM,180.457,1,180.457,10,1,232.954,1,232.35,232.38,0,0,
1779329050876945739,121,3,28,AWK,180.397,1,180.397,10,1,136.69,1,135.255,135.31,0,0,
1779329050876945739,121,3,29,QCOM,180.15,1,180.15,10,1,127.536,1,128.13,128.15,0,0,
1779329050876945739,121,3,30,TSM,179.944,1,179.944,10,1,369.945,1,370.455,370.49,0,0,
1779329050876945739,121,3,31,CEG,178.491,1,178.491,10,1,283.608,1,284.105,284.26,0,0,
1779329050876945739,121,3,32,NVDA,178.368,1,178.368,10,1,186.13,1,188.515,188.52,0,0,
1779329050876945739,121,3,33,HWM,177.897,1,177.897,10,1,252.822,1,250.605,250.93,0,0,
1779329050876945739,121,3,34,RTX,176.741,1,176.741,10,1,201.545,1,200.69,200.76,0,0,
1779329050876945739,121,3,35,AAPL,176.447,1,176.447,10,1,259.009,1,257.635,257.65,0,0,
1779329050876945739,121,3,36,ENTG,175.236,1,175.236,10,1,134.451,1,134.84,134.93,0,0,
1779329050876945739,121,3,37,MKSI,173.072,1,173.072,10,1,267.539,1,266.36,267.15,0,0,
1779329050876945739,121,3,38,KEYS,171.777,1,171.777,10,1,323.056,1,326.19,326.37,0,0,
1779329050876945739,121,3,39,TTE,169.908,1,169.908,10,0,93.1532,1,93.095,93.12,0,0,
1779329050876945739,121,3,40,CSCO,169.722,1,169.722,10,0,81.8054,1,81.555,81.56,0,0,
1779329050876945739,121,3,41,NOC,168.346,1,168.346,10,1,678.382,1,678.77,679.13,0,0,
1779329050876945739,121,3,42,LIN,167.038,1,167.038,10,1,504.938,1,505.83,505.96,0,0,
1779329050876945739,121,3,43,APD,165.314,1,165.314,10,1,300.255,1,298.005,298.11,0,0,
1779329050876945739,121,3,44,LEA,163.57,1,163.57,10,1,122.426,1,122.195,122.33,0,0,
1779329050876945739,121,3,45,UMC,162.27,1,162.27,10,0,9.50193,1,9.615,9.62,0,0,
1779329050876945739,121,3,46,NIO,162.132,1,162.132,10,0,6.528,1,6.475,6.48,0,0,
1779329050876945739,121,3,47,GSM,157.119,1,157.119,10,0,4.21621,1,4.285,4.29,0,0,
1779329050876945739,121,3,48,IMOS,137.026,1,137.026,10,0,40.0168,1,40.59,40.8,0,0,
1779329050876945739,121,3,49,PSTG,124.097,1,124.097,10,0,100,0,100.85,100.85,0,0,
1779330902303711125,300,4,0,OKLO,193.904,1,193.904,10,1,50.0512,1,52.425,52.46,1,0,
1779330902303711125,300,4,1,SMCI,193.253,1,193.253,10,1,25.1501,1,25.705,25.71,1,0,
1779330902303711125,300,4,2,HPE,191.492,1,191.492,10,1,24.5045,1,24.495,24.5,1,1,
1779330902303711125,300,4,3,SNDK,187.892,1,187.892,10,2,892.832,1,930.725,930.96,0,0,
1779330902303711125,300,4,4,ARM,187.757,1,187.757,10,2,150.441,1,155.89,155.95,0,0,
1779330902303711125,300,4,5,HPQ,186.16,1,186.16,10,1,18.6643,1,18.825,18.83,0,0,
1779330902303711125,300,4,6,TSEM,186.09,1,186.09,10,2,203.768,1,207.675,208.05,0,0,
1779330902303711125,300,4,7,INTC,185.62,1,185.62,10,1,63.7977,1,64.665,64.67,0,0,
1779330902303711125,300,4,8,MU,184.841,1,184.841,10,1,417.37,1,415.775,415.84,0,0,
1779330902303711125,300,4,9,DELL,184.48,1,184.48,10,2,183.974,1,186.77,186.86,0,0,
1779330902303711125,300,4,10,STX,184.32,1,184.32,10,2,501.258,1,504.575,504.97,0,0,
1779330902303711125,300,4,11,AMKR,183.693,1,183.693,10,1,58.7043,1,59.64,59.65,0,0,
1779330902303711125,300,4,12,SNPS,180.585,1,180.585,10,2,401.234,1,414.76,414.91,0,0,
1779330902303711125,300,4,13,WDC,180.048,1,180.048,10,1,345.627,1,347.085,347.22,0,0,
1779330902303711125,300,4,14,ASX,179.512,1,179.512,10,0,26.1504,1,26.295,26.3,0,0,
1779330902303711125,300,4,15,CDNS,178.503,1,178.503,10,2,273.798,1,285.88,285.97,0,0,
1779330902303711125,300,4,16,GFS,177.974,1,177.974,10,0,48.6669,1,48.8,48.82,0,0,
1779330902303711125,300,4,17,CEG,177.288,1,177.288,10,1,283.788,1,289.75,289.87,0,0,
1779330902303711125,300,4,18,VST,177.105,1,177.105,10,2,156,1,158.405,158.48,0,0,
1779330902303711125,300,4,19,IBM,176.944,1,176.944,10,1,232.671,1,237.255,237.28,0,0,
1779330902303711125,300,4,20,AWK,176.427,1,176.427,10,1,135.923,1,134.205,134.25,0,0,
1779330902303711125,300,4,21,AMD,174.942,1,174.942,10,1,245.085,1,245.535,245.56,0,0,
1779330902303711125,300,4,22,QCOM,174.687,1,174.687,10,1,127.813,1,130.05,130.07,0,0,
1779330902303711125,300,4,23,KLAC,174.548,1,174.548,10,1,1734.39,1,1754.14,1755.05,0,0,
1779330902303711125,300,4,24,NOK,174.482,1,174.482,10,1,9.95657,1,10.305,10.31,0,0,
1779330902303711125,300,4,25,ENTG,173.872,1,173.872,10,1,134.629,1,136.81,136.96,0,0,
1779330902303711125,300,4,26,LEA,173.034,1,173.034,10,1,122.252,1,122.97,123.05,0,0,
1779330902303711125,300,4,27,MKSI,172.094,1,172.094,10,1,266.994,1,270.325,270.54,0,0,
1779330902303711125,300,4,28,NVDA,172.011,1,172.011,10,2,187.351,1,188.025,188.03,0,0,
1779330902303711125,300,4,29,CSCO,170.709,1,170.709,10,0,81.6829,1,81.385,81.39,0,0,
1779330902303711125,300,4,30,AMAT,170.312,1,170.312,10,1,395.427,1,391.135,391.28,0,0,
1779330902303711125,300,4,31,LRCX,170.002,1,170.002,10,1,263.258,1,263.02,263.1,0,0,
1779330902303711125,300,4,32,DD,168.121,1,168.121,10,0,46.8766,1,46.565,46.57,0,0,
1779330902303711125,300,4,33,TSM,167.304,1,167.304,10,1,370.297,1,369.93,369.96,0,0,
1779330902303711125,300,4,34,TTE,166.418,1,166.418,10,0,93.1363,1,92.42,92.45,0,0,
1779330902303711125,300,4,35,KEYS,166.4,1,166.4,10,2,324.633,1,328.015,328.13,0,0,
1779330902303711125,300,4,36,LMT,165.924,1,165.924,10,1,616.651,1,617.26,617.63,0,0,
1779330902303711125,300,4,37,NOC,165.518,1,165.518,10,1,678.741,1,679.735,679.94,0,0,
1779330902303711125,300,4,38,AAPL,165.389,1,165.389,10,1,258.296,1,257.92,257.93,0,0,
1779330902303711125,300,4,39,HWM,164.967,1,164.967,10,1,251.551,1,252.2,252.3,0,0,
1779330902303711125,300,4,40,XPEV,164.095,1,164.095,10,0,17.2939,1,17.425,17.43,0,0,
1779330902303711125,300,4,41,APD,162.974,1,162.974,10,1,299.136,1,297.11,297.18,0,0,
1779330902303711125,300,4,42,ASML,162.939,1,162.939,10,1,1473.16,1,1485.36,1485.65,0,0,
1779330902303711125,300,4,43,LIN,162.862,1,162.862,10,1,505.362,1,505.345,505.4,0,0,
1779330902303711125,300,4,44,RTX,162.608,1,162.608,10,1,201.119,1,200.76,200.8,0,0,
1779330902303711125,300,4,45,GSM,157.823,1,157.823,10,1,4.25128,1,4.375,4.38,0,0,
1779330902303711125,300,4,46,UMC,156.238,1,156.238,10,1,9.55957,1,9.655,9.66,0,0,
1779330902303711125,300,4,47,NIO,154.773,1,154.773,10,0,6.50098,1,6.535,6.54,0,0,
1779330902303711125,300,4,48,IMOS,141.638,1,141.638,10,1,40.309,1,40.78,41.01,0,0,
1779330902303711125,300,4,49,PSTG,137.213,1,137.213,10,0,100,0,100.85,100.85,0,0,
1779330902311620245,392,5,0,OKLO,196.749,1,196.749,10,1,50.0512,1,58.575,58.66,1,0,
1779330902311620245,392,5,1,SNDK,195.166,1,195.166,10,2,892.833,1,929.595,930.53,1,0,
1779330902311620245,392,5,2,HPQ,192.982,1,192.982,10,1,18.6643,1,18.65,18.66,1,1,
1779330902311620245,392,5,3,HPE,192.858,1,192.858,10,1,24.5045,1,24.575,24.6,0,0,
1779330902311620245,392,5,4,WDC,192.124,1,192.124,10,1,345.627,1,347.63,348.11,0,0,
1779330902311620245,392,5,5,INTC,191.94,1,191.94,10,1,63.7977,1,63.85,63.86,0,0,
1779330902311620245,392,5,6,CEG,191.514,1,191.514,10,1,283.788,1,294.515,295.11,0,0,
1779330902311620245,392,5,7,MU,191.436,1,191.436,10,1,417.37,1,427.785,427.94,0,0,
1779330902311620245,392,5,8,SMCI,191.097,1,191.097,10,1,25.1501,1,26.685,26.69,0,0,
1779330902311620245,392,5,9,ARM,188.928,1,188.928,10,2,150.441,1,161.715,161.89,0,0,
1779330902311620245,392,5,10,ENTG,188.754,1,188.754,10,1,134.629,1,138.815,139.29,0,0,
1779330902311620245,392,5,11,AMKR,188.183,1,188.183,10,1,58.7043,1,61.965,62.1,0,0,
1779330902311620245,392,5,12,AMAT,188.145,1,188.145,10,1,395.427,1,397.88,398.34,0,0,
1779330902311620245,392,5,13,STX,188.131,1,188.131,10,2,501.258,1,510.14,511.6,0,0,
1779330902311620245,392,5,14,DELL,186.19,1,186.19,10,2,183.974,1,185.775,186.21,0,0,
1779330902311620245,392,5,15,SNPS,185.391,1,185.391,10,2,401.234,1,426.25,427.11,0,0,
1779330902311620245,392,5,16,ASX,185.044,1,185.044,10,0,26.1504,1,26.755,26.77,0,0,
1779330902311620245,392,5,17,KLAC,184.69,1,184.69,10,1,1734.39,1,1786.14,1790,0,0,
1779330902311620245,392,5,18,GFS,184.477,1,184.477,10,0,48.6669,1,49.16,49.35,0,0,
1779330902311620245,392,5,19,MKSI,183.951,1,183.951,10,1,266.994,1,275.225,276.73,0,0,
1779330902311620245,392,5,20,VST,183.759,1,183.759,10,2,156,1,161.015,161.27,0,0,
1779330902311620245,392,5,21,CDNS,183.588,1,183.588,10,2,273.798,1,294.015,294.6,0,0,
1779330902311620245,392,5,22,DD,183.482,1,183.482,10,0,46.8766,1,47.025,47.18,0,0,
1779330902311620245,392,5,23,TSEM,183.245,1,183.245,10,2,203.768,1,205.465,206.01,0,0,
1779330902311620245,392,5,24,AWK,183.208,1,183.208,10,1,135.923,1,133.41,133.81,0,0,
1779330902311620245,392,5,25,KEYS,183.078,1,183.078,10,2,324.633,1,331.215,332.39,0,0,
1779330902311620245,392,5,26,QCOM,183.068,1,183.068,10,1,127.813,1,131.96,132.05,0,0,
1779330902311620245,392,5,27,CSCO,182.89,1,182.89,10,0,81.6829,1,81.76,81.77,0,0,
1779330902311620245,392,5,28,LRCX,182.51,1,182.51,10,1,263.258,1,270.14,270.52,0,0,
1779330902311620245,392,5,29,IBM,182.422,1,182.422,10,1,232.671,1,238.755,239.03,0,0,
1779330902311620245,392,5,30,NOK,180.729,1,180.729,10,1,9.95657,1,10.255,10.26,0,0,
1779330902311620245,392,5,31,UMC,180.066,1,180.066,10,1,9.55957,1,9.615,9.62,0,0,
1779330902311620245,392,5,32,LEA,179.992,1,179.992,10,1,122.252,1,123.01,123.84,0,0,
1779330902311620245,392,5,33,TSM,179.249,1,179.249,10,1,370.297,1,377.24,377.34,0,0,
1779330902311620245,392,5,34,AMD,179.033,1,179.033,10,1,245.085,1,248.685,248.78,0,0,
1779330902311620245,392,5,35,HWM,178.775,1,178.775,10,1,251.551,1,257.39,257.98,0,0,
1779330902311620245,392,5,36,NOC,178.473,1,178.473,10,1,678.741,1,677.79,679.17,0,0,
1779330902311620245,392,5,37,APD,178.114,1,178.114,10,1,299.136,1,295,296.16,0,0,
1779330902311620245,392,5,38,NVDA,176.409,1,176.409,10,2,187.351,1,193.11,193.12,0,0,
1779330902311620245,392,5,39,ASML,175.691,1,175.691,10,1,1473.16,1,1518.74,1519.18,0,0,
1779330902311620245,392,5,40,LMT,174.804,1,174.804,10,1,616.651,1,615.42,617.11,0,0,
1779330902311620245,392,5,41,TTE,174.049,1,174.049,10,0,93.1363,1,92.4,92.42,0,0,
1779330902311620245,392,5,42,AAPL,172.505,1,172.505,10,1,258.296,1,259.935,259.97,0,0,
1779330902311620245,392,5,43,XPEV,171.74,1,171.74,10,0,17.2939,1,17.485,17.5,0,0,
1779330902311620245,392,5,44,GSM,168.998,1,168.998,10,1,4.25128,1,4.32,4.35,0,0,
1779330902311620245,392,5,45,LIN,168.79,1,168.79,10,1,505.362,1,499.03,499.69,0,0,
1779330902311620245,392,5,46,RTX,167.783,1,167.783,10,1,201.119,1,201.43,201.64,0,0,
1779330902311620245,392,5,47,NIO,160.648,1,160.648,10,0,6.50098,1,6.585,6.59,0,0,
1779330902311620245,392,5,48,IMOS,158.238,1,158.238,10,1,40.309,1,41.365,42,0,0,
1779330902311620245,392,5,49,PSTG,137.468,1,137.468,10,0,100,0,100.85,100.85,0,0,
1779332241615009356,427,6,0,STX,197.06,1,197.06,10,2,503.825,1,507.19,507.68,1,0,
1779332241615009356,427,6,1,OKLO,195.06,1,195.06,10,2,54.4045,1,57.125,57.18,1,0,
1779332241615009356,427,6,2,DELL,194.669,1,194.669,10,2,183.6,1,183.115,183.24,1,1,
1779332241615009356,427,6,3,SMCI,194.639,1,194.639,10,2,25.8129,1,26.945,26.95,0,0,
1779332241615009356,427,6,4,ASX,194.35,1,194.35,10,1,26.3517,1,26.635,26.64,0,0,
1779332241615009356,427,6,5,AMKR,194.199,1,194.199,10,2,59.8691,1,61.15,61.24,0,0,
1779332241615009356,427,6,6,MU,194.101,1,194.101,10,2,422.042,1,430.695,430.79,0,0,
1779332241615009356,427,6,7,SNDK,194.051,1,194.051,10,3,909.274,1,912.25,913,0,0,
1779332241615009356,427,6,8,AMD,193.777,1,193.777,10,2,245.982,1,247.97,248.01,0,0,
1779332241615009356,427,6,9,WDC,193.528,1,193.528,10,1,346.136,1,348.62,348.92,0,0,
1779332241615009356,427,6,10,HPE,192.817,1,192.817,10,1,24.4362,1,24.255,24.26,0,0,
1779332241615009356,427,6,11,INTC,192.816,1,192.816,10,1,63.6536,1,63.515,63.52,0,0,
1779332241615009356,427,6,12,TSEM,192.614,1,192.614,10,2,203.936,1,204.095,204.42,0,0,
1779332241615009356,427,6,13,MKSI,192.415,1,192.415,10,2,269.466,1,273.365,274.12,0,0,
1779332241615009356,427,6,14,ARM,192.415,1,192.415,10,3,154.883,1,159.23,159.38,0,0,
1779332241615009356,427,6,15,CEG,192.365,1,192.365,10,2,287.804,1,290.75,290.9,0,0,
1779332241615009356,427,6,16,HPQ,192.361,1,192.361,10,1,18.6606,1,19.045,19.05,0,0,
1779332241615009356,427,6,17,VST,192.356,1,192.356,10,3,158.174,1,161.545,161.66,0,0,
1779332241615009356,427,6,18,CDNS,191.06,1,191.06,10,3,282.692,1,292.405,292.6,0,0,
1779332241615009356,427,6,19,SNPS,191.022,1,191.022,10,3,412.033,1,421.385,421.74,0,0,
1779332241615009356,427,6,20,AMAT,190.567,1,190.567,10,2,395.819,1,394.865,395.11,0,0,
1779332241615009356,427,6,21,DD,190.468,1,190.468,10,0,46.7349,1,46.665,46.67,0,0,
1779332241615009356,427,6,22,KLAC,190.433,1,190.433,10,2,1754.13,1,1782.7,1786.2,0,0,
1779332241615009356,427,6,23,NVDA,189.305,1,189.305,10,3,189.295,1,191.855,191.86,0,0,
1779332241615009356,427,6,24,LMT,188.424,1,188.424,10,1,615.699,1,613.385,613.86,0,0,
1779332241615009356,427,6,25,LRCX,188.295,1,188.295,10,2,265.854,1,268.085,268.27,0,0,
1779332241615009356,427,6,26,IBM,188.283,1,188.283,10,2,235.502,1,239.635,239.72,0,0,
1779332241615009356,427,6,27,AWK,187.083,1,187.083,10,1,134.914,1,133.17,133.28,0,0,
1779332241615009356,427,6,28,ENTG,187.057,1,187.057,10,2,136.054,1,137.66,137.84,0,0,
1779332241615009356,427,6,29,QCOM,186.646,1,186.646,10,2,129.688,1,131.455,131.49,0,0,
1779332241615009356,427,6,30,ASML,186.449,1,186.449,10,2,1489.64,1,1509.13,1509.48,0,0,
1779332241615009356,427,6,31,XPEV,186.327,1,186.327,10,1,17.4152,1,17.445,17.45,0,0,
1779332241615009356,427,6,32,GFS,186.115,1,186.115,10,0,48.8394,1,48.335,48.4,0,0,
1779332241615009356,427,6,33,HWM,185.987,1,185.987,10,2,253.858,1,258.005,258.36,0,0,
1779332241615009356,427,6,34,NOK,185.281,1,185.281,10,1,10.0728,1,10.305,10.31,0,0,
1779332241615009356,427,6,35,TSM,184.647,1,184.647,10,2,372.458,1,375.515,375.56,0,0,
1779332241615009356,427,6,36,APD,183.696,1,183.696,10,1,297.312,1,294.925,295.18,0,0,
1779332241615009356,427,6,37,KEYS,183.467,1,183.467,10,3,326.832,1,329.045,329.6,0,0,
1779332241615009356,427,6,38,AAPL,183.38,1,183.38,10,2,259.019,1,260.055,260.07,0,0,
1779332241615009356,427,6,39,TTE,183.103,1,183.103,10,0,92.7691,1,92.15,92.17,0,0,
1779332241615009356,427,6,40,CSCO,182.915,1,182.915,10,0,81.6938,1,81.675,81.68,0,0,
1779332241615009356,427,6,41,LIN,182.178,1,182.178,10,1,502.454,1,498.03,498.24,0,0,
1779332241615009356,427,6,42,UMC,180.552,1,180.552,10,1,9.58191,1,9.595,9.6,0,0,
1779332241615009356,427,6,43,RTX,180.179,1,180.179,10,1,201.311,1,203.13,203.22,0,0,
1779332241615009356,427,6,44,NOC,179.318,1,179.318,10,1,677.81,1,680.54,681,0,0,
1779332241615009356,427,6,45,LEA,178.914,1,178.914,10,1,122.048,1,124.2,124.83,0,0,
1779332241615009356,427,6,46,NIO,174.999,1,174.999,10,1,6.54692,1,6.535,6.54,0,0,
1779332241615009356,427,6,47,GSM,174.498,1,174.498,10,2,4.27897,1,4.3695,4.3745,0,0,
1779332241615009356,427,6,48,IMOS,147.463,1,147.463,10,2,40.7345,1,41.12,41.5,0,0,
1779332241615009356,427,6,49,PSTG,134.968,1,134.968,10,0,100,0,100.85,100.85,0,0,
1779333913992651393,789,7,0,OKLO,194.75,1,194.75,10,2,55.8268,1,62.89,62.96,1,0,
1779333913992651393,789,7,1,SMCI,193.703,1,193.703,10,2,26.3599,1,27.61,27.62,1,0,
1779333913992651393,789,7,2,AMKR,191.518,1,191.518,10,2,60.5675,1,60.34,60.48,1,1,
1779333913992651393,789,7,3,TSEM,191.472,1,191.472,10,2,204.491,1,213.985,214.43,0,0,
1779333913992651393,789,7,4,HPE,190.708,1,190.708,10,1,24.3597,1,24.53,24.54,0,0,
1779333913992651393,789,7,5,MU,190.657,1,190.657,10,3,426.569,1,459.135,459.29,0,0,
1779333913992651393,789,7,6,SNDK,190.233,1,190.233,10,3,910.283,1,912.835,913.51,0,0,
1779333913992651393,789,7,7,STX,189.909,1,189.909,10,2,505.893,1,515.42,516.04,0,0,
1779333913992651393,789,7,8,VST,189.853,1,189.853,10,3,159.668,1,164.645,164.89,0,0,
1779333913992651393,789,7,9,ASML,189.686,1,189.686,10,2,1500.41,1,1445.45,1445.97,0,0,
1779333913992651393,789,7,10,INTC,189.533,1,189.533,10,1,63.5498,1,63.075,63.09,0,0,
1779333913992651393,789,7,11,ASX,189.47,1,189.47,10,1,26.4862,1,27.45,27.46,0,0,
1779333913992651393,789,7,12,XPEV,189.108,1,189.108,10,1,17.4341,1,17.385,17.39,0,0,
1779333913992651393,789,7,13,DELL,189.076,1,189.076,10,2,183.529,1,181.18,181.44,0,0,
1779333913992651393,789,7,14,ARM,187.663,1,187.663,10,3,157.208,1,158.28,158.41,0,0,
1779333913992651393,789,7,15,GFS,187.236,1,187.236,10,0,48.5857,1,48.3,48.4,0,0,
1779333913992651393,789,7,16,WDC,186.725,1,186.725,10,1,347.546,1,358.65,359.04,0,0,
1779333913992651393,789,7,17,NVDA,186.714,1,186.714,10,3,190.52,1,197.525,197.53,0,0,
1779333913992651393,789,7,18,AMAT,186.346,1,186.346,10,2,395.349,1,386.865,387.18,0,0,
1779333913992651393,789,7,19,CDNS,185.778,1,185.778,10,3,287.508,1,297.77,298.15,0,0,
1779333913992651393,789,7,20,DD,185.685,1,185.685,10,0,46.6851,1,46.38,46.41,0,0,
1779333913992651393,789,7,21,AWK,184.987,1,184.987,10,1,134.046,1,131.59,131.67,0,0,
1779333913992651393,789,7,22,AMD,184.852,1,184.852,10,2,246.954,1,254.055,254.13,0,0,
1779333913992651393,789,7,23,TTE,184.819,1,184.819,10,0,92.4371,1,90.78,90.8,0,0,
1779333913992651393,789,7,24,CEG,183.272,1,183.272,10,2,289.307,1,295.71,295.98,0,0,
1779333913992651393,789,7,25,LRCX,182.896,1,182.896,10,2,266.935,1,264.605,264.84,0,0,
1779333913992651393,789,7,26,QCOM,182.715,1,182.715,10,2,130.565,1,133.14,133.17,0,0,
1779333913992651393,789,7,27,ENTG,182.715,1,182.715,10,2,136.859,1,137.005,137.58,0,0,
1779333913992651393,789,7,28,IBM,182.522,1,182.522,10,2,237.478,1,245.075,245.21,0,0,
1779333913992651393,789,7,29,HPQ,182.362,1,182.362,10,2,18.8526,1,19.1,19.11,0,0,
1779333913992651393,789,7,30,AAPL,182.111,1,182.111,10,2,259.611,1,260.18,260.2,0,0,
1779333913992651393,789,7,31,APD,181.467,1,181.467,10,1,296.241,1,295.315,295.96,0,0,
1779333913992651393,789,7,32,SNPS,181.275,1,181.275,10,3,416.488,1,428.605,429.2,0,0,
1779333913992651393,789,7,33,LIN,180.007,1,180.007,10,1,500.32,1,494.495,494.78,0,0,
1779333913992651393,789,7,34,MKSI,179.837,1,179.837,10,2,270.852,1,270.69,272.02,0,0,
1779333913992651393,789,7,35,KLAC,179.107,1,179.107,10,2,1768.58,1,1751.42,1754.64,0,0,
1779333913992651393,789,7,36,RTX,178.724,1,178.724,10,2,202.289,1,202.27,202.44,0,0,
1779333913992651393,789,7,37,LMT,178.658,1,178.658,10,1,614.643,1,613.72,614.31,0,0,
1779333913992651393,789,7,38,TSM,178.439,1,178.439,10,2,374.116,1,379.025,379.09,0,0,
1779333913992651393,789,7,39,NOC,175.916,1,175.916,10,1,679.035,1,680.22,681.29,0,0,
1779333913992651393,789,7,40,HWM,175.901,1,175.901,10,2,255.879,1,256.88,257.2,0,0,
1779333913992651393,789,7,41,KEYS,173.886,1,173.886,10,3,328.066,1,328.075,328.79,0,0,
1779333913992651393,789,7,42,NOK,172.697,1,172.697,10,2,10.202,1,10.225,10.23,0,0,
1779333913992651393,789,7,43,LEA,172.088,1,172.088,10,2,123.07,1,121.77,122.08,0,0,
1779333913992651393,789,7,44,CSCO,170.6,1,170.6,10,0,81.7395,1,82.015,82.02,0,0,
1779333913992651393,789,7,45,GSM,169.571,1,169.571,10,3,4.31507,1,4.4519,4.47,0,0,
1779333913992651393,789,7,46,UMC,165.904,1,165.904,10,1,9.58836,1,9.853,9.858,0,0,
1779333913992651393,789,7,47,NIO,165.615,1,165.615,10,1,6.54601,1,6.495,6.5,0,0,
1779333913992651393,789,7,48,IMOS,153.865,1,153.865,10,2,40.9175,1,42.065,42.48,0,0,
1779333913992651393,789,7,49,PSTG,134.992,1,134.992,10,0,100,0,100.85,100.85,0,0,
1779334851702616278,1237,8,0,DELL,196.692,1,196.692,10,2,182.235,1,188.315,188.4,1,0,
1779334851702616278,1237,8,1,AMKR,195.593,1,195.593,10,2,60.4061,1,62.11,62.13,1,0,
1779334851702616278,1237,8,2,LRCX,195.321,1,195.321,10,2,266.08,1,263.29,263.41,1,1,
1779334851702616278,1237,8,3,SMCI,195.229,1,195.229,10,3,26.7555,1,27.335,27.34,0,0,
1779334851702616278,1237,8,4,AMD,194.889,1,194.889,10,3,249.009,1,268.195,268.23,0,0,
1779334851702616278,1237,8,5,OKLO,194.888,1,194.888,10,3,58.2085,1,61.96,62,0,0,
1779334851702616278,1237,8,6,ARM,194.241,1,194.241,10,3,157.515,1,157.16,157.26,0,0,
1779334851702616278,1237,8,7,ASX,194.083,1,194.083,10,2,26.7647,1,27.335,27.34,0,0,
1779334851702616278,1237,8,8,ASML,193.813,1,193.813,10,2,1481.57,1,1421.59,1421.85,0,0,
1779334851702616278,1237,8,9,INTC,193.759,1,193.759,10,1,63.4787,1,66.315,66.32,0,0,
1779334851702616278,1237,8,10,SNDK,193.657,1,193.657,10,3,910.408,1,919.955,920.48,0,0,
1779334851702616278,1237,8,11,XPEV,193.509,1,193.509,10,1,17.4223,1,17.885,17.89,0,0,
1779334851702616278,1237,8,12,TSEM,193.308,1,193.308,10,3,206.694,1,212.525,213.04,0,0,
1779334851702616278,1237,8,13,GFS,191.855,1,191.855,10,0,48.5248,1,49.35,49.42,0,0,
1779334851702616278,1237,8,14,HPE,191.441,1,191.441,10,2,24.381,1,25.165,25.17,0,0,
1779334851702616278,1237,8,15,MU,191.169,1,191.169,10,4,436.228,1,459.765,459.9,0,0,
1779334851702616278,1237,8,16,VST,190.903,1,190.903,10,4,161.125,1,164.615,164.7,0,0,
1779334851702616278,1237,8,17,KLAC,190.828,1,190.828,10,2,1762.85,1,1717.79,1720.18,0,0,
1779334851702616278,1237,8,18,SNPS,190.819,1,190.819,10,4,420.229,1,439.28,439.66,0,0,
1779334851702616278,1237,8,19,WDC,190.714,1,190.714,10,2,350.126,1,361.48,361.75,0,0,
1779334851702616278,1237,8,20,AMAT,190.552,1,190.552,10,2,392.432,1,388.835,389.04,0,0,
1779334851702616278,1237,8,21,STX,190.417,1,190.417,10,3,507.929,1,520.185,520.87,0,0,
1779334851702616278,1237,8,22,RTX,190,1,190,10,2,202.359,1,195.685,195.83,0,0,
1779334851702616278,1237,8,23,NVDA,189.973,1,189.973,10,4,192.745,1,197.815,197.82,0,0,
1779334851702616278,1237,8,24,ENTG,189.923,1,189.923,10,2,136.911,1,135.65,135.83,0,0,
1779334851702616278,1237,8,25,CEG,189.294,1,189.294,10,3,291.301,1,301.165,301.37,0,0,
1779334851702616278,1237,8,26,TSM,189.267,1,189.267,10,3,375.57,1,366.155,366.22,0,0,
1779334851702616278,1237,8,27,CDNS,189.201,1,189.201,10,4,290.724,1,305.01,305.21,0,0,
1779334851702616278,1237,8,28,LMT,188.222,1,188.222,10,1,614.603,1,602.11,602.39,0,0,
1779334851702616278,1237,8,29,TTE,186.971,1,186.971,10,0,91.9015,1,90.905,90.92,0,0,
1779334851702616278,1237,8,30,QCOM,186.279,1,186.279,10,3,131.301,1,133.74,133.76,0,0,
1779334851702616278,1237,8,31,DD,186.174,1,186.174,10,0,46.5866,1,46.03,46.04,0,0,
1779334851702616278,1237,8,32,MKSI,186.145,1,186.145,10,2,270.176,1,269.64,270.08,0,0,
1779334851702616278,1237,8,33,HPQ,185.194,1,185.194,10,2,18.8973,1,19.455,19.46,0,0,
1779334851702616278,1237,8,34,IBM,184.809,1,184.809,10,3,239.87,1,246.92,247.01,0,0,
1779334851702616278,1237,8,35,HWM,184.733,1,184.733,10,2,256.216,1,251.21,251.53,0,0,
1779334851702616278,1237,8,36,CSCO,183.837,1,183.837,10,0,81.776,1,83.06,83.07,0,0,
1779334851702616278,1237,8,37,AAPL,183.661,1,183.661,10,2,259.644,1,262.125,262.14,0,0,
1779334851702616278,1237,8,38,LEA,183.565,1,183.565,10,2,122.612,1,118.215,118.37,0,0,
1779334851702616278,1237,8,39,NOK,183.221,1,183.221,10,2,10.1999,1,10.085,10.09,0,0,
1779334851702616278,1237,8,40,UMC,181.024,1,181.024,10,2,9.66009,1,10.585,10.59,0,0,
1779334851702616278,1237,8,41,AWK,180.764,1,180.764,10,1,133.383,1,129.62,129.66,0,0,
1779334851702616278,1237,8,42,KEYS,180.544,1,180.544,10,3,327.761,1,325.87,326.55,0,0,
1779334851702616278,1237,8,43,LIN,179.627,1,179.627,10,1,498.58,1,499.01,499.16,0,0,
1779334851702616278,1237,8,44,NOC,177.533,1,177.533,10,1,679.661,1,671.92,672.76,0,0,
1779334851702616278,1237,8,45,GSM,176.599,1,176.599,10,4,4.35845,1,4.505,4.51,0,0,
1779334851702616278,1237,8,46,APD,176.59,1,176.59,10,1,296.065,1,295.99,296.27,0,0,
1779334851702616278,1237,8,47,NIO,172.133,1,172.133,10,1,6.53055,1,6.545,6.55,0,0,
1779334851702616278,1237,8,48,IMOS,167.016,1,167.016,10,3,41.2911,1,47.975,48.4,0,0,
1779334851702616278,1237,8,49,PSTG,134.992,1,134.992,10,0,100,0,100.85,100.85,0,0,
1779335928492629326,1238,9,0,OKLO,197.539,1,197.539,10,3,58.2085,1,61.81,61.86,1,0,
1779335928492629326,1238,9,1,ARM,196.918,1,196.918,10,3,157.515,1,157.1,157.21,1,1,
1779335928492629326,1238,9,2,SMCI,196.562,1,196.562,10,3,26.7555,1,27.335,27.34,1,0,
1779335928492629326,1238,9,3,INTC,196.455,1,196.455,10,1,63.4787,1,66.365,66.37,0,0,
1779335928492629326,1238,9,4,SNDK,196.356,1,196.356,10,3,910.408,1,920.205,920.58,0,0,
1779335928492629326,1238,9,5,TSEM,196.022,1,196.022,10,3,206.694,1,212.515,213,0,0,
1779335928492629326,1238,9,6,GFS,194.625,1,194.625,10,0,48.5248,1,49.285,49.35,0,0,
1779335928492629326,1238,9,7,DELL,194.273,1,194.273,10,2,182.235,1,188.37,188.43,0,0,
1779335928492629326,1238,9,8,KLAC,193.638,1,193.638,10,2,1762.85,1,1718.14,1720.25,0,0,
1779335928492629326,1238,9,9,SNPS,193.63,1,193.63,10,4,420.229,1,439.005,439.39,0,0,
1779335928492629326,1238,9,10,AMKR,193.217,1,193.217,10,2,60.4061,1,62.145,62.16,0,0,
1779335928492629326,1238,9,11,HPE,192.848,1,192.848,10,2,24.381,1,25.165,25.17,0,0,
1779335928492629326,1238,9,12,NVDA,192.817,1,192.817,10,4,192.745,1,197.865,197.87,0,0,
1779335928492629326,1238,9,13,MU,192.582,1,192.582,10,4,436.228,1,459.78,459.9,0,0,
1779335928492629326,1238,9,14,AMD,192.54,1,192.54,10,3,249.009,1,268.29,268.32,0,0,
1779335928492629326,1238,9,15,CEG,192.165,1,192.165,10,3,291.301,1,301.2,301.37,0,0,
1779335928492629326,1238,9,16,TSM,192.139,1,192.139,10,3,375.57,1,365.965,366.02,0,0,
1779335928492629326,1238,9,17,WDC,192.135,1,192.135,10,2,350.126,1,361.49,361.75,0,0,
1779335928492629326,1238,9,18,CDNS,192.076,1,192.076,10,4,290.724,1,304.82,305.1,0,0,
1779335928492629326,1238,9,19,ASX,191.766,1,191.766,10,2,26.7647,1,27.355,27.36,0,0,
1779335928492629326,1238,9,20,LRCX,191.652,1,191.652,10,2,266.08,1,263.27,263.38,0,0,
1779335928492629326,1238,9,21,ASML,191.507,1,191.507,10,2,1481.57,1,1420.8,1421.08,0,0,
1779335928492629326,1238,9,22,ENTG,191.36,1,191.36,10,2,136.911,1,135.65,135.85,0,0,
1779335928492629326,1238,9,23,XPEV,191.214,1,191.214,10,1,17.4223,1,17.875,17.88,0,0,
1779335928492629326,1238,9,24,TTE,189.933,1,189.933,10,0,91.9015,1,90.965,90.98,0,0,
1779335928492629326,1238,9,25,MKSI,189.139,1,189.139,10,2,270.176,1,269.12,269.5,0,0,
1779335928492629326,1238,9,26,STX,188.243,1,188.243,10,3,507.929,1,520.57,521.1,0,0,
1779335928492629326,1238,9,27,HPQ,188.226,1,188.226,10,2,18.8973,1,19.465,19.47,0,0,
1779335928492629326,1238,9,28,IBM,187.856,1,187.856,10,3,239.87,1,246.765,246.85,0,0,
1779335928492629326,1238,9,29,RTX,187.843,1,187.843,10,2,202.359,1,195.855,195.96,0,0,
1779335928492629326,1238,9,30,QCOM,187.788,1,187.788,10,3,131.301,1,133.725,133.74,0,0,
1779335928492629326,1238,9,31,VST,187.321,1,187.321,10,4,161.125,1,164.615,164.69,0,0,
1779335928492629326,1238,9,32,AMAT,186.977,1,186.977,10,2,392.432,1,388.87,389.02,0,0,
1779335928492629326,1238,9,33,CSCO,186.922,1,186.922,10,0,81.776,1,83.035,83.04,0,0,
1779335928492629326,1238,9,34,HWM,186.273,1,186.273,10,2,256.216,1,251.27,251.63,0,0,
1779335928492629326,1238,9,35,LMT,186.135,1,186.135,10,1,614.603,1,602.435,602.87,0,0,
1779335928492629326,1238,9,36,LEA,185.129,1,185.129,10,2,122.612,1,118.22,118.38,0,0,
1779335928492629326,1238,9,37,NOK,184.791,1,184.791,10,2,10.1999,1,10.085,10.09,0,0,
1779335928492629326,1238,9,38,DD,182.685,1,182.685,10,0,46.5866,1,46.03,46.04,0,0,
1779335928492629326,1238,9,39,UMC,182.638,1,182.638,10,2,9.66009,1,10.585,10.59,0,0,
1779335928492629326,1238,9,40,AWK,182.382,1,182.382,10,1,133.383,1,129.615,129.65,0,0,
1779335928492629326,1238,9,41,KEYS,182.167,1,182.167,10,3,327.761,1,325.88,326.55,0,0,
1779335928492629326,1238,9,42,AAPL,181.752,1,181.752,10,2,259.644,1,262.06,262.07,0,0,
1779335928492629326,1238,9,43,NOC,180.865,1,180.865,10,1,679.661,1,672.305,673,0,0,
1779335928492629326,1238,9,44,GSM,178.3,1,178.3,10,4,4.35845,1,4.505,4.51,0,0,
1779335928492629326,1238,9,45,LIN,177.877,1,177.877,10,1,498.58,1,498.925,499.05,0,0,
1779335928492629326,1238,9,46,NIO,173.923,1,173.923,10,1,6.53055,1,6.545,6.55,0,0,
1779335928492629326,1238,9,47,APD,173.292,1,173.292,10,1,296.065,1,295.965,296.24,0,0,
1779335928492629326,1238,9,48,IMOS,168.907,1,168.907,10,3,41.2911,1,47.975,48.4,0,0,
1779335928492629326,1238,9,49,PSTG,137.517,1,137.517,10,0,100,0,100.85,100.85,0,0,
1779337076928647189,1338,10,0,OKLO,196.803,1,196.803,10,3,60.2798,1,65.27,65.3,1,0,
1779337076928647189,1338,10,1,MU,195.815,1,195.815,10,4,449.58,1,461.425,461.5,1,0,
1779337076928647189,1338,10,2,WDC,195.229,1,195.229,10,3,356.498,1,355.65,355.83,1,1,
1779337076928647189,1338,10,3,HPE,195.123,1,195.123,10,3,24.8366,1,25.575,25.58,0,0,
1779337076928647189,1338,10,4,GFS,193.863,1,193.863,10,1,48.9613,1,50.56,50.6,0,0,
1779337076928647189,1338,10,5,SMCI,193.619,1,193.619,10,3,27.0833,1,28.255,28.26,0,0,
1779337076928647189,1338,10,6,SNDK,193.417,1,193.417,10,4,915.225,1,908.625,908.94,0,0,
1779337076928647189,1338,10,7,INTC,193.042,1,193.042,10,2,65.1567,1,68.075,68.08,0,0,
1779337076928647189,1338,10,8,AMD,191.65,1,191.65,10,4,260.018,1,278.59,278.62,0,0,
1779337076928647189,1338,10,9,ARM,191.29,1,191.29,10,3,157.407,1,165.295,165.39,0,0,
1779337076928647189,1338,10,10,AMKR,189.495,1,189.495,10,3,61.4137,1,63.305,63.36,0,0,
1779337076928647189,1338,10,11,TSEM,189.237,1,189.237,10,3,210.012,1,214.39,214.67,0,0,
1779337076928647189,1338,10,12,DELL,188.932,1,188.932,10,3,185.682,1,190.925,191.02,0,0,
1779337076928647189,1338,10,13,VST,188.448,1,188.448,10,4,163.121,1,165.665,165.74,0,0,
1779337076928647189,1338,10,14,CEG,187.85,1,187.85,10,4,296.903,1,301.94,302.12,0,0,
1779337076928647189,1338,10,15,KLAC,185.615,1,185.615,10,2,1737.02,1,1725.88,1727.8,0,0,
1779337076928647189,1338,10,16,ASX,184.543,1,184.543,10,2,27.0951,1,27.595,27.6,0,0,
1779337076928647189,1338,10,17,STX,184.426,1,184.426,10,4,515.171,1,515.825,516.25,0,0,
1779337076928647189,1338,10,18,NVDA,184.383,1,184.383,10,4,195.688,1,199.185,199.19,0,0,
1779337076928647189,1338,10,19,ENTG,184.36,1,184.36,10,2,136.08,1,137.29,137.34,0,0,
1779337076928647189,1338,10,20,AMAT,183.843,1,183.843,10,2,390.283,1,391.035,391.12,0,0,
1779337076928647189,1338,10,21,LRCX,183.527,1,183.527,10,2,264.513,1,262.74,262.81,0,0,
1779337076928647189,1338,10,22,ASML,183.325,1,183.325,10,2,1446.73,1,1430.62,1431.23,0,0,
1779337076928647189,1338,10,23,TSM,182.996,1,182.996,10,3,369.985,1,365.585,365.62,0,0,
1779337076928647189,1338,10,24,RTX,182.015,1,182.015,10,2,198.648,1,195.51,195.57,0,0,
1779337076928647189,1338,10,25,IBM,182.008,1,182.008,10,4,243.804,1,250.865,250.9,0,0,
1779337076928647189,1338,10,26,XPEV,181.495,1,181.495,10,2,17.6677,1,18.405,18.41,0,0,
1779337076928647189,1338,10,27,HPQ,181.463,1,181.463,10,3,19.2218,1,19.805,19.81,0,0,
1779337076928647189,1338,10,28,HWM,181.293,1,181.293,10,2,253.374,1,250.01,250.16,0,0,
1779337076928647189,1338,10,29,LEA,180.556,1,180.556,10,2,120.092,1,119.005,119.08,0,0,
1779337076928647189,1338,10,30,SNPS,179.848,1,179.848,10,5,430.997,1,444.29,444.42,0,0,
1779337076928647189,1338,10,31,NOK,179.139,1,179.139,10,2,10.1395,1,10.195,10.2,0,0,
1779337076928647189,1338,10,32,QCOM,179.079,1,179.079,10,3,132.703,1,135.425,135.44,0,0,
1779337076928647189,1338,10,33,MKSI,178.966,1,178.966,10,2,269.374,1,268.895,269.12,0,0,
1779337076928647189,1338,10,34,CDNS,178.748,1,178.748,10,5,298.72,1,307.74,307.95,0,0,
1779337076928647189,1338,10,35,UMC,178.135,1,178.135,10,3,10.2012,1,10.695,10.7,0,0,
1779337076928647189,1338,10,36,AAPL,176.967,1,176.967,10,3,261.016,1,264.22,264.23,0,0,
1779337076928647189,1338,10,37,TTE,175.287,1,175.287,10,0,91.3544,1,90.305,90.32,0,0,
1779337076928647189,1338,10,38,NIO,174.737,1,174.737,10,1,6.53529,1,6.755,6.76,0,0,
1779337076928647189,1338,10,39,CSCO,172.589,1,172.589,10,1,82.5139,1,83.59,83.6,0,0,
1779337076928647189,1338,10,40,LIN,172.071,1,172.071,10,2,498.836,1,496.975,497.07,0,0,
1779337076928647189,1338,10,41,DD,171.829,1,171.829,10,0,46.2795,1,46.455,46.46,0,0,
1779337076928647189,1338,10,42,LMT,171.782,1,171.782,10,1,607.698,1,603.065,603.37,0,0,
1779337076928647189,1338,10,43,AWK,170.189,1,170.189,10,1,131.195,1,130.095,130.14,0,0,
1779337076928647189,1338,10,44,KEYS,169.411,1,169.411,10,3,326.621,1,326.035,326.47,0,0,
1779337076928647189,1338,10,45,NOC,167.2,1,167.2,10,1,675.441,1,674.59,674.94,0,0,
1779337076928647189,1338,10,46,GSM,165.866,1,165.866,10,5,4.44279,1,4.515,4.52,0,0,
1779337076928647189,1338,10,47,IMOS,164.775,1,164.775,10,4,45.1378,1,49.545,49.89,0,0,
1779337076928647189,1338,10,48,APD,164.28,1,164.28,10,1,295.997,1,297.08,297.13,0,0,
1779337076928647189,1338,10,49,PSTG,137.517,1,137.517,10,0,100,0,100.85,100.85,0,0,
1779337076933956103,1397,11,0,MU,194.123,1,194.123,10,4,449.58,1,457.08,457.23,1,0,
1779337076933956103,1397,11,1,OKLO,193.349,1,193.349,10,3,60.2798,1,62.87,62.91,1,0,
1779337076933956103,1397,11,2,VST,192.551,1,192.551,10,4,163.121,1,162.88,162.97,1,1,
1779337076933956103,1397,11,3,AMD,191.884,1,191.884,10,4,260.018,1,275.97,276,0,0,
1779337076933956103,1397,11,4,TSEM,191.778,1,191.778,10,3,210.012,1,212.385,212.6,0,0,
1779337076933956103,1397,11,5,ASX,191.401,1,191.401,10,2,27.0951,1,27.465,27.47,0,0,
1779337076933956103,1397,11,6,SMCI,191,1,191,10,3,27.0833,1,27.935,27.94,0,0,
1779337076933956103,1397,11,7,WDC,190.827,1,190.827,10,3,356.498,1,357.305,357.49,0,0,
1779337076933956103,1397,11,8,DELL,190.1,1,190.1,10,3,185.682,1,191,191.06,0,0,
1779337076933956103,1397,11,9,AMAT,189.959,1,189.959,10,2,390.283,1,389.315,389.42,0,0,
1779337076933956103,1397,11,10,AMKR,189.948,1,189.948,10,3,61.4137,1,62.79,62.84,0,0,
1779337076933956103,1397,11,11,CEG,189.724,1,189.724,10,4,296.903,1,295.855,296.21,0,0,
1779337076933956103,1397,11,12,GFS,189.228,1,189.228,10,1,48.9613,1,49.98,50.01,0,0,
1779337076933956103,1397,11,13,HPE,189.174,1,189.174,10,3,24.8366,1,25.515,25.52,0,0,
1779337076933956103,1397,11,14,SNDK,188.461,1,188.461,10,4,915.225,1,903.05,903.47,0,0,
1779337076933956103,1397,11,15,INTC,187.804,1,187.804,10,2,65.1567,1,67.605,67.61,0,0,
1779337076933956103,1397,11,16,LRCX,186.988,1,186.988,10,2,264.513,1,261.29,261.35,0,0,
1779337076933956103,1397,11,17,ARM,186.621,1,186.621,10,3,157.407,1,162.545,162.62,0,0,
1779337076933956103,1397,11,18,RTX,185.571,1,185.571,10,2,198.648,1,194.555,194.59,0,0,
1779337076933956103,1397,11,19,XPEV,184.566,1,184.566,10,2,17.6677,1,18.185,18.19,0,0,
1779337076933956103,1397,11,20,NVDA,184.049,1,184.049,10,4,195.688,1,198.085,198.09,0,0,
1779337076933956103,1397,11,21,ASML,183.96,1,183.96,10,2,1446.73,1,1423.82,1424.28,0,0,
1779337076933956103,1397,11,22,STX,182.224,1,182.224,10,4,515.171,1,517.87,518.24,0,0,
1779337076933956103,1397,11,23,HWM,180.079,1,180.079,10,2,253.374,1,247.815,248.01,0,0,
1779337076933956103,1397,11,24,AAPL,179.335,1,179.335,10,3,261.016,1,263.35,263.36,0,0,
1779337076933956103,1397,11,25,ENTG,179.048,1,179.048,10,2,136.08,1,136.39,136.54,0,0,
1779337076933956103,1397,11,26,TSM,179.028,1,179.028,10,3,369.985,1,363.365,363.4,0,0,
1779337076933956103,1397,11,27,IBM,178.203,1,178.203,10,4,243.804,1,250.52,250.57,0,0,
1779337076933956103,1397,11,28,SNPS,177.489,1,177.489,10,5,430.997,1,440.89,441.24,0,0,
1779337076933956103,1397,11,29,QCOM,177.323,1,177.323,10,3,132.703,1,134.64,134.66,0,0,
1779337076933956103,1397,11,30,HPQ,176.503,1,176.503,10,3,19.2218,1,19.735,19.74,0,0,
1779337076933956103,1397,11,31,KLAC,176.028,1,176.028,10,2,1737.02,1,1719.06,1720.45,0,0,
1779337076933956103,1397,11,32,UMC,174.345,1,174.345,10,3,10.2012,1,10.605,10.61,0,0,
1779337076933956103,1397,11,33,LEA,174.043,1,174.043,10,2,120.092,1,118.505,118.58,0,0,
1779337076933956103,1397,11,34,AWK,173.994,1,173.994,10,1,131.195,1,129.45,129.5,0,0,
1779337076933956103,1397,11,35,DD,173.723,1,173.723,10,0,46.2795,1,46.295,46.3,0,0,
1779337076933956103,1397,11,36,TTE,173.72,1,173.72,10,0,91.3544,1,90.975,91,0,0,
1779337076933956103,1397,11,37,MKSI,173.459,1,173.459,10,2,269.374,1,268.96,269.54,0,0,
1779337076933956103,1397,11,38,KEYS,173.372,1,173.372,10,3,326.621,1,326.87,327.27,0,0,
1779337076933956103,1397,11,39,NOK,172.313,1,172.313,10,2,10.1395,1,10.185,10.19,0,0,
1779337076933956103,1397,11,40,CDNS,171.954,1,171.954,10,5,298.72,1,306.09,306.26,0,0,
1779337076933956103,1397,11,41,IMOS,171.622,1,171.622,10,4,45.1378,1,48.77,48.99,0,0,
1779337076933956103,1397,11,42,APD,170.072,1,170.072,10,1,295.997,1,296.895,297.06,0,0,
1779337076933956103,1397,11,43,NOC,169.619,1,169.619,10,1,675.441,1,671.08,671.4,0,0,
1779337076933956103,1397,11,44,LMT,168.714,1,168.714,10,1,607.698,1,603.385,603.64,0,0,
1779337076933956103,1397,11,45,CSCO,168.347,1,168.347,10,1,82.5139,1,83.685,83.69,0,0,
1779337076933956103,1397,11,46,LIN,166.641,1,166.641,10,2,498.836,1,496.8,496.86,0,0,
1779337076933956103,1397,11,47,GSM,164.493,1,164.493,10,5,4.44279,1,4.495,4.5,0,0,
1779337076933956103,1397,11,48,NIO,160.979,1,160.979,10,1,6.53529,1,6.685,6.69,0,0,
1779337076933956103,1397,11,49,PSTG,134.992,1,134.992,10,0,100,0,100.85,100.85,0,0,
1779337990164459966,1410,12,0,OKLO,197.572,1,197.572,10,4,61.0507,1,63.25,63.29,1,0,
1779337990164459966,1410,12,1,SNDK,193.641,1,193.641,10,4,911.884,1,907.475,907.82,1,0,
1779337990164459966,1410,12,2,CEG,193.516,1,193.516,10,4,296.72,1,295.61,295.82,1,1,
1779337990164459966,1410,12,3,MU,192.913,1,192.913,10,4,451.82,1,459.465,459.56,0,0,
1779337990164459966,1410,12,4,WDC,192.847,1,192.847,10,3,356.804,1,360.15,360.32,0,0,
1779337990164459966,1410,12,5,SMCI,191.813,1,191.813,10,4,27.3299,1,28.125,28.13,0,0,
1779337990164459966,1410,12,6,GFS,191.676,1,191.676,10,2,49.2411,1,49.985,50.05,0,0,
1779337990164459966,1410,12,7,ARM,191.347,1,191.347,10,4,158.951,1,162.74,162.81,0,0,
1779337990164459966,1410,12,8,HPE,190.633,1,190.633,10,4,25.0407,1,25.595,25.6,0,0,
1779337990164459966,1410,12,9,INTC,189.35,1,189.35,10,3,65.8559,1,67.715,67.72,0,0,
1779337990164459966,1410,12,10,TSEM,188.756,1,188.756,10,3,210.729,1,212.955,213.09,0,0,
1779337990164459966,1410,12,11,ASX,188.588,1,188.588,10,2,27.1988,1,27.535,27.54,0,0,
1779337990164459966,1410,12,12,AMD,188.256,1,188.256,10,5,264.727,1,276.475,276.5,0,0,
1779337990164459966,1410,12,13,AMKR,187.249,1,187.249,10,4,61.804,1,62.845,62.88,0,0,
1779337990164459966,1410,12,14,DELL,187.085,1,187.085,10,4,187.248,1,191.33,191.39,0,0,
1779337990164459966,1410,12,15,VST,186.3,1,186.3,10,4,163.07,1,163.12,163.23,0,0,
1779337990164459966,1410,12,16,STX,184.681,1,184.681,10,4,516.303,1,523.035,523.54,0,0,
1779337990164459966,1410,12,17,LRCX,182.661,1,182.661,10,2,263.563,1,261.91,262,0,0,
1779337990164459966,1410,12,18,XPEV,182.493,1,182.493,10,3,17.8211,1,18.215,18.22,0,0,
1779337990164459966,1410,12,19,NVDA,182.238,1,182.238,10,4,196.405,1,198.395,198.4,0,0,
1779337990164459966,1410,12,20,ENTG,182.011,1,182.011,10,2,136.172,1,136.64,136.72,0,0,
1779337990164459966,1410,12,21,AMAT,181.546,1,181.546,10,2,389.981,1,390.005,390.06,0,0,
1779337990164459966,1410,12,22,AWK,180.668,1,180.668,10,1,130.725,1,129.62,129.72,0,0,
1779337990164459966,1410,12,23,HWM,180.544,1,180.544,10,2,251.791,1,248.055,248.19,0,0,
1779337990164459966,1410,12,24,RTX,180.348,1,180.348,10,2,197.431,1,194.64,194.7,0,0,
1779337990164459966,1410,12,25,IBM,180.058,1,180.058,10,5,245.813,1,250.745,250.77,0,0,
1779337990164459966,1410,12,26,ASML,179.313,1,179.313,10,2,1439.81,1,1425.36,1425.88,0,0,
1779337990164459966,1410,12,27,KEYS,179.214,1,179.214,10,3,326.47,1,326.72,327.18,0,0,
1779337990164459966,1410,12,28,HPQ,178.341,1,178.341,10,4,19.371,1,19.745,19.75,0,0,
1779337990164459966,1410,12,29,KLAC,178.326,1,178.326,10,2,1731.72,1,1724.81,1725.7,0,0,
1779337990164459966,1410,12,30,SNPS,177.568,1,177.568,10,5,433.942,1,441.91,442.13,0,0,
1779337990164459966,1410,12,31,TSM,176.903,1,176.903,10,3,367.999,1,363.835,363.88,0,0,
1779337990164459966,1410,12,32,QCOM,176.025,1,176.025,10,3,133.252,1,134.685,134.7,0,0,
1779337990164459966,1410,12,33,NOK,175.797,1,175.797,10,3,10.153,1,10.225,10.23,0,0,
1779337990164459966,1410,12,34,CDNS,175.292,1,175.292,10,5,300.904,1,306.535,306.66,0,0,
1779337990164459966,1410,12,35,UMC,175.202,1,175.202,10,3,10.3203,1,10.625,10.63,0,0,
1779337990164459966,1410,12,36,IMOS,173.818,1,173.818,10,5,46.2147,1,49.13,49.4,0,0,
1779337990164459966,1410,12,37,LEA,173.799,1,173.799,10,2,119.605,1,118.45,118.52,0,0,
1779337990164459966,1410,12,38,TTE,173.21,1,173.21,10,0,91.2597,1,90.96,90.99,0,0,
1779337990164459966,1410,12,39,MKSI,173.024,1,173.024,10,2,269.215,1,269.46,269.95,0,0,
1779337990164459966,1410,12,40,NOC,172.034,1,172.034,10,1,674.176,1,671.2,671.5,0,0,
1779337990164459966,1410,12,41,AAPL,171.952,1,171.952,10,3,261.717,1,263.56,263.57,0,0,
1779337990164459966,1410,12,42,CSCO,170.24,1,170.24,10,1,82.8581,1,83.785,83.79,0,0,
1779337990164459966,1410,12,43,GSM,169.927,1,169.927,10,5,4.45827,1,4.515,4.52,0,0,
1779337990164459966,1410,12,44,DD,167.971,1,167.971,10,0,46.2841,1,46.355,46.36,0,0,
1779337990164459966,1410,12,45,NIO,162.76,1,162.76,10,2,6.57968,1,6.715,6.72,0,0,
1779337990164459966,1410,12,46,LIN,162.331,1,162.331,10,2,498.232,1,496.78,496.85,0,0,
1779337990164459966,1410,12,47,LMT,162.202,1,162.202,10,1,606.428,1,604.235,604.47,0,0,
1779337990164459966,1410,12,48,APD,161.836,1,161.836,10,1,296.262,1,296.745,296.8,0,0,
1779337990164459966,1410,12,49,PSTG,137.517,1,137.517,10,0,100,0,100.85,100.85,0,0,
1779339014356084724,2011,13,0,AMKR,196.609,1,196.609,10,4,62.1727,1,68.655,68.69,1,0,
1779339014356084724,2011,13,1,TSEM,195.53,1,195.53,10,3,211.497,1,223.29,223.72,1,0,
1779339014356084724,2011,13,2,VST,195.398,1,195.398,10,4,163.096,1,161.91,162,1,1,
1779339014356084724,2011,13,3,GFS,194.874,1,194.874,10,2,49.4966,1,58.935,58.99,0,0,
1779339014356084724,2011,13,4,SMCI,194.764,1,194.764,10,4,27.5988,1,28.285,28.29,0,0,
1779339014356084724,2011,13,5,AMD,194.503,1,194.503,10,5,268.554,1,276.73,276.79,0,0,
1779339014356084724,2011,13,6,CEG,194.482,1,194.482,10,4,296.234,1,291.065,291.19,0,0,
1779339014356084724,2011,13,7,ASX,194.3,1,194.3,10,2,27.3149,1,29.245,29.25,0,0,
1779339014356084724,2011,13,8,OKLO,194.045,1,194.045,10,4,61.8295,1,65.855,65.93,0,0,
1779339014356084724,2011,13,9,ARM,193.823,1,193.823,10,4,160.212,1,165.83,165.98,0,0,
1779339014356084724,2011,13,10,MU,192.839,1,192.839,10,4,454.489,1,448.455,448.57,0,0,
1779339014356084724,2011,13,11,STX,191.993,1,191.993,10,5,518.462,1,537.05,537.58,0,0,
1779339014356084724,2011,13,12,DELL,191.921,1,191.921,10,4,188.533,1,202.215,202.36,0,0,
1779339014356084724,2011,13,13,UMC,191.366,1,191.366,10,3,10.4196,1,12.5595,12.5645,0,0,
1779339014356084724,2011,13,14,LMT,191.125,1,191.125,10,1,605.731,1,588.625,589.24,0,0,
1779339014356084724,2011,13,15,DD,191.123,1,191.123,10,0,46.3138,1,47.42,47.43,0,0,
1779339014356084724,2011,13,16,LRCX,190.749,1,190.749,10,2,263.122,1,265.15,265.27,0,0,
1779339014356084724,2011,13,17,INTC,190.725,1,190.725,10,3,66.4977,1,66.34,66.35,0,0,
1779339014356084724,2011,13,18,HPE,190.644,1,190.644,10,4,25.2214,1,27.675,27.68,0,0,
1779339014356084724,2011,13,19,XPEV,190.078,1,190.078,10,3,17.956,1,17.675,17.68,0,0,
1779339014356084724,2011,13,20,AMAT,189.58,1,189.58,10,2,390.087,1,395.095,395.24,0,0,
1779339014356084724,2011,13,21,CDNS,189.305,1,189.305,10,5,302.843,1,314.36,314.6,0,0,
1779339014356084724,2011,13,22,RTX,189.065,1,189.065,10,2,196.533,1,196.935,197.02,0,0,
1779339014356084724,2011,13,23,ASML,188.949,1,188.949,10,2,1435.38,1,1462.17,1462.48,0,0,
1779339014356084724,2011,13,24,WDC,188.843,1,188.843,10,3,357.87,1,368.96,369.31,0,0,
1779339014356084724,2011,13,25,IBM,188.556,1,188.556,10,5,247.463,1,255.155,255.28,0,0,
1779339014356084724,2011,13,26,AAPL,188.147,1,188.147,10,3,262.324,1,273.355,273.37,0,0,
1779339014356084724,2011,13,27,HPQ,186.928,1,186.928,10,4,19.4929,1,19.865,19.87,0,0,
1779339014356084724,2011,13,28,NOC,186.484,1,186.484,10,1,673.255,1,665.19,665.63,0,0,
1779339014356084724,2011,13,29,ENTG,186.39,1,186.39,10,2,136.343,1,147.035,147.21,0,0,
1779339014356084724,2011,13,30,SNDK,186.375,1,186.375,10,4,910.331,1,919.575,920.13,0,0,
1779339014356084724,2011,13,31,KEYS,186.358,1,186.358,10,3,326.667,1,335.525,336.13,0,0,
1779339014356084724,2011,13,32,LIN,185.499,1,185.499,10,2,497.852,1,500.24,500.33,0,0,
1779339014356084724,2011,13,33,NVDA,185.018,1,185.018,10,4,197.086,1,198.965,198.97,0,0,
1779339014356084724,2011,13,34,TSM,185.004,1,185.004,10,3,366.691,1,368.585,368.63,0,0,
1779339014356084724,2011,13,35,HWM,184.919,1,184.919,10,2,250.363,1,255.615,255.96,0,0,
1779339014356084724,2011,13,36,SNPS,184.86,1,184.86,10,5,436.702,1,457.3,457.64,0,0,
1779339014356084724,2011,13,37,AWK,184.626,1,184.626,10,1,130.399,1,134.185,134.27,0,0,
1779339014356084724,2011,13,38,NOK,184.51,1,184.51,10,3,10.183,1,10.605,10.61,0,0,
1779339014356084724,2011,13,39,APD,184.285,1,184.285,10,1,296.462,1,297.42,297.5,0,0,
1779339014356084724,2011,13,40,MKSI,184.114,1,184.114,10,2,269.277,1,281.18,281.6,0,0,
1779339014356084724,2011,13,41,CSCO,182.868,1,182.868,10,1,83.1733,1,87.28,87.29,0,0,
1779339014356084724,2011,13,42,KLAC,182.819,1,182.819,10,2,1729.98,1,1793.13,1794.82,0,0,
1779339014356084724,2011,13,43,QCOM,180.359,1,180.359,10,3,133.735,1,137.46,137.48,0,0,
1779339014356084724,2011,13,44,TTE,177.811,1,177.811,10,0,91.1685,1,87.49,87.51,0,0,
1779339014356084724,2011,13,45,GSM,176.896,1,176.896,10,5,4.47676,1,4.4575,4.4625,0,0,
1779339014356084724,2011,13,46,LEA,176.472,1,176.472,10,2,119.217,1,126.54,126.68,0,0,
1779339014356084724,2011,13,47,NIO,166.803,1,166.803,10,2,6.62378,1,6.695,6.7,0,0,
1779339014356084724,2011,13,48,IMOS,160.033,1,160.033,10,5,47.1648,1,43.72,43.93,0,0,
1779339014356084724,2011,13,49,PSTG,134.992,1,134.992,10,0,100,0,100.85,100.85,0,0,
1779339014356267546,2012,14,0,TSEM,198.157,1,198.157,10,3,211.497,1,223.57,223.96,1,0,
1779339014356267546,2012,14,1,GFS,197.526,1,197.526,10,2,49.4966,1,58.825,58.87,1,0,
1779339014356267546,2012,14,2,CEG,197.149,1,197.149,10,4,296.234,1,291.45,291.63,1,1,
1779339014356267546,2012,14,3,OKLO,196.729,1,196.729,10,4,61.8295,1,65.87,65.95,0,0,
1779339014356267546,2012,14,4,ARM,196.517,1,196.517,10,4,160.212,1,166.14,166.28,0,0,
1779339014356267546,2012,14,5,SMCI,196.106,1,196.106,10,4,27.5988,1,28.285,28.29,0,0,
1779339014356267546,2012,14,6,MU,194.218,1,194.218,10,4,454.489,1,448.485,448.59,0,0,
1779339014356267546,2012,14,7,UMC,194.156,1,194.156,10,3,10.4196,1,12.555,12.56,0,0,
1779339014356267546,2012,14,8,INTC,193.539,1,193.539,10,3,66.4977,1,66.18,66.19,0,0,
1779339014356267546,2012,14,9,HPE,193.462,1,193.462,10,4,25.2214,1,27.685,27.69,0,0,
1779339014356267546,2012,14,10,VST,193.03,1,193.03,10,4,163.096,1,162.15,162.25,0,0,
1779339014356267546,2012,14,11,AMKR,192.914,1,192.914,10,4,62.1727,1,68.64,68.67,0,0,
1779339014356267546,2012,14,12,CDNS,192.175,1,192.175,10,5,302.843,1,314.26,314.51,0,0,
1779339014356267546,2012,14,13,AMD,192.17,1,192.17,10,5,268.554,1,276.99,277.05,0,0,
1779339014356267546,2012,14,14,IBM,191.456,1,191.456,10,5,247.463,1,254.945,255.06,0,0,
1779339014356267546,2012,14,15,ASX,190.65,1,190.65,10,2,27.3149,1,29.245,29.25,0,0,
1779339014356267546,2012,14,16,WDC,190.302,1,190.302,10,3,357.87,1,369.04,369.37,0,0,
1779339014356267546,2012,14,17,STX,189.758,1,189.758,10,5,518.462,1,537.44,538.14,0,0,
1779339014356267546,2012,14,18,DELL,189.689,1,189.689,10,4,188.533,1,202.325,202.4,0,0,
1779339014356267546,2012,14,19,NOC,189.465,1,189.465,10,1,673.255,1,664.955,665.63,0,0,
1779339014356267546,2012,14,20,ENTG,189.375,1,189.375,10,2,136.343,1,147.295,147.41,0,0,
1779339014356267546,2012,14,21,KEYS,189.344,1,189.344,10,3,326.667,1,335.955,336.37,0,0,
1779339014356267546,2012,14,22,DD,188.922,1,188.922,10,0,46.3138,1,47.395,47.4,0,0,
1779339014356267546,2012,14,23,LRCX,188.563,1,188.563,10,2,263.122,1,265.29,265.42,0,0,
1779339014356267546,2012,14,24,HPQ,188.424,1,188.424,10,4,19.4929,1,19.865,19.87,0,0,
1779339014356267546,2012,14,25,NVDA,188.057,1,188.057,10,4,197.086,1,199.085,199.09,0,0,
1779339014356267546,2012,14,26,SNPS,187.905,1,187.905,10,5,436.702,1,457.165,457.48,0,0,
1779339014356267546,2012,14,27,SNDK,187.882,1,187.882,10,4,910.331,1,919.54,920.4,0,0,
1779339014356267546,2012,14,28,NOK,187.568,1,187.568,10,3,10.183,1,10.645,10.65,0,0,
1779339014356267546,2012,14,29,LMT,187.538,1,187.538,10,1,605.731,1,588.605,589.2,0,0,
1779339014356267546,2012,14,30,RTX,186.944,1,186.944,10,2,196.533,1,197.045,197.11,0,0,
1779339014356267546,2012,14,31,ASML,186.834,1,186.834,10,2,1435.38,1,1461.72,1461.99,0,0,
1779339014356267546,2012,14,32,TSM,186.539,1,186.539,10,3,366.691,1,368.63,368.68,0,0,
1779339014356267546,2012,14,33,XPEV,186.512,1,186.512,10,3,17.956,1,17.675,17.68,0,0,
1779339014356267546,2012,14,34,HWM,186.455,1,186.455,10,2,250.363,1,255.615,255.96,0,0,
1779339014356267546,2012,14,35,AWK,186.168,1,186.168,10,1,130.399,1,134.185,134.27,0,0,
1779339014356267546,2012,14,36,AAPL,186.063,1,186.063,10,3,262.324,1,273.12,273.13,0,0,
1779339014356267546,2012,14,37,AMAT,186.024,1,186.024,10,2,390.087,1,395.18,395.32,0,0,
1779339014356267546,2012,14,38,KLAC,185.944,1,185.944,10,2,1729.98,1,1795.12,1796.96,0,0,
1779339014356267546,2012,14,39,MKSI,185.666,1,185.666,10,2,269.277,1,281.265,281.77,0,0,
1779339014356267546,2012,14,40,CSCO,184.445,1,184.445,10,1,83.1733,1,87.28,87.29,0,0,
1779339014356267546,2012,14,41,APD,182.352,1,182.352,10,1,296.462,1,297.305,297.45,0,0,
1779339014356267546,2012,14,42,LIN,182.024,1,182.024,10,2,497.852,1,500.125,500.25,0,0,
1779339014356267546,2012,14,43,QCOM,181.986,1,181.986,10,3,133.735,1,137.49,137.51,0,0,
1779339014356267546,2012,14,44,TTE,181.132,1,181.132,10,0,91.1685,1,87.52,87.54,0,0,
1779339014356267546,2012,14,45,GSM,180.253,1,180.253,10,5,4.47676,1,4.465,4.47,0,0,
1779339014356267546,2012,14,46,LEA,179.845,1,179.845,10,2,119.217,1,126.44,126.58,0,0,
1779339014356267546,2012,14,47,NIO,168.698,1,168.698,10,2,6.62378,1,6.695,6.7,0,0,
1779339014356267546,2012,14,48,IMOS,162.062,1,162.062,10,5,47.1648,1,43.72,43.93,0,0,
1779339014356267546,2012,14,49,PSTG,137.517,1,137.517,10,0,100,0,100.85,100.85,0,0,
1779339014493959365,3522,15,0,OKLO,199.307,1,199.307,10,4,61.8299,1,79.07,79.16,1,0,
1779339014493959365,3522,15,1,INTC,197.02,1,197.02,10,3,66.4977,1,83.635,83.65,1,0,
1779339014493959365,3522,15,2,TSEM,196.342,1,196.342,10,3,211.497,1,203.24,203.69,1,1,
1779339014493959365,3522,15,3,GFS,196.228,1,196.228,10,2,49.4972,1,63.81,63.92,0,0,
1779339014493959365,3522,15,4,IBM,196.22,1,196.22,10,5,247.463,1,226.335,226.41,0,0,
1779339014493959365,3522,15,5,WDC,195.828,1,195.828,10,3,357.872,1,412.235,412.63,0,0,
1779339014493959365,3522,15,6,SNDK,195.476,1,195.476,10,4,910.333,1,972.625,973.13,0,0,
1779339014493959365,3522,15,7,MU,195.454,1,195.454,10,4,454.49,1,503.715,503.87,0,0,
1779339014493959365,3522,15,8,ENTG,195.309,1,195.309,10,2,136.343,1,155.4,155.74,0,0,
1779339014493959365,3522,15,9,SMCI,194.948,1,194.948,10,4,27.5988,1,28.09,28.1,0,0,
1779339014493959365,3522,15,10,CDNS,193.676,1,193.676,10,5,302.845,1,328.415,328.68,0,0,
1779339014493959365,3522,15,11,HPE,193.661,1,193.661,10,4,25.2215,1,27.965,27.98,0,0,
1779339014493959365,3522,15,12,ARM,193.523,1,193.523,10,4,160.213,1,227.585,227.77,0,0,
1779339014493959365,3522,15,13,QCOM,193.425,1,193.425,10,3,133.736,1,146.645,146.72,0,0,
1779339014493959365,3522,15,14,LMT,192.877,1,192.877,10,1,605.729,1,516.405,517.03,0,0,
1779339014493959365,3522,15,15,LRCX,192.83,1,192.83,10,2,263.122,1,272.525,272.74,0,0,
1779339014493959365,3522,15,16,MKSI,192.601,1,192.601,10,2,269.278,1,290.16,291.53,0,0,
1779339014493959365,3522,15,17,AMKR,192.234,1,192.234,10,4,62.1732,1,77.65,77.73,0,0,
1779339014493959365,3522,15,18,CEG,191.883,1,191.883,10,4,296.234,1,295.1,295.4,0,0,
1779339014493959365,3522,15,19,VST,191.708,1,191.708,10,4,163.096,1,157.385,157.64,0,0,
1779339014493959365,3522,15,20,AMD,190.385,1,190.385,10,5,268.555,1,346.05,346.17,0,0,
1779339014493959365,3522,15,21,NVDA,189.895,1,189.895,10,4,197.086,1,202.52,202.53,0,0,
1779339014493959365,3522,15,22,SNPS,189.856,1,189.856,10,5,436.703,1,483.755,484.21,0,0,
1779339014493959365,3522,15,23,KLAC,189.596,1,189.596,10,2,1729.98,1,1880.52,1884.63,0,0,
1779339014493959365,3522,15,24,ASX,189.331,1,189.331,10,2,27.3151,1,32.135,32.14,0,0,
1779339014493959365,3522,15,25,AWK,189.144,1,189.144,10,1,130.399,1,134.2,134.33,0,0,
1779339014493959365,3522,15,26,TSM,189.116,1,189.116,10,3,366.691,1,402.435,402.52,0,0,
1779339014493959365,3522,15,27,HPQ,188.894,1,188.894,10,4,19.493,1,20.095,20.1,0,0,
1779339014493959365,3522,15,28,NOK,188.831,1,188.831,10,3,10.183,1,10.575,10.58,0,0,
1779339014493959365,3522,15,29,NOC,188.714,1,188.714,10,1,673.252,1,575.31,576.07,0,0,
1779339014493959365,3522,15,30,CSCO,188.687,1,188.687,10,1,83.1736,1,87.925,87.93,0,0,
1779339014493959365,3522,15,31,AMAT,188.569,1,188.569,10,2,390.087,1,416.285,416.58,0,0,
1779339014493959365,3522,15,32,STX,187.767,1,187.767,10,5,518.464,1,594.3,595.13,0,0,
1779339014493959365,3522,15,33,DELL,186.956,1,186.956,10,4,188.534,1,212.705,212.94,0,0,
1779339014493959365,3522,15,34,UMC,186.947,1,186.947,10,3,10.4197,1,12.2878,12.2928,0,0,
1779339014493959365,3522,15,35,HWM,185.717,1,185.717,10,2,250.363,1,243.11,243.41,0,0,
1779339014493959365,3522,15,36,XPEV,185.324,1,185.324,10,3,17.9559,1,16.245,16.25,0,0,
1779339014493959365,3522,15,37,ASML,184.983,1,184.983,10,2,1435.38,1,1459.4,1459.87,0,0,
1779339014493959365,3522,15,38,DD,183.334,1,183.334,10,0,46.3138,1,46.105,46.14,0,0,
1779339014493959365,3522,15,39,GSM,182.417,1,182.417,10,5,4.47676,1,4.233,4.2418,0,0,
1779339014493959365,3522,15,40,LEA,182.303,1,182.303,10,2,119.218,1,130.55,131.11,0,0,
1779339014493959365,3522,15,41,TTE,181.648,1,181.648,10,0,91.1683,1,90.32,90.34,0,0,
1779339014493959365,3522,15,42,RTX,181.448,1,181.448,10,2,196.532,1,175.39,175.51,0,0,
1779339014493959365,3522,15,43,AAPL,181.274,1,181.274,10,3,262.325,1,271.47,271.49,0,0,
1779339014493959365,3522,15,44,LIN,181.143,1,181.143,10,2,497.852,1,502.71,503.17,0,0,
1779339014493959365,3522,15,45,KEYS,178.163,1,178.163,10,3,326.668,1,350.83,351.59,0,0,
1779339014493959365,3522,15,46,APD,176.204,1,176.204,10,1,296.462,1,301.455,301.69,0,0,
1779339014493959365,3522,15,47,NIO,171.472,1,171.472,10,2,6.62378,1,6.195,6.2,0,0,
1779339014493959365,3522,15,48,IMOS,171.047,1,171.047,10,5,47.1648,1,45.765,46.01,0,0,
1779339014493959365,3522,15,49,PSTG,137.517,1,137.517,10,0,100,0,100.85,100.85,0,0,
# session_end ts=2026-05-21T05:07:11.334Z ts_ns=1779340031334765126 kind=decision orders_placed=16 open_positions=2
